Codon,Count
AAA,541
ACA,436
AGA,211
ATA,225
AAC,245
ACC,101
AGC,52
ATC,133
AAG,297
ACG,48
AGG,67
ATG,312
AAT,520
ACT,478
AGT,234
ATT,370
CAA,351
CCA,220
CGA,24
CTA,147
CAC,80
CCC,40
CGC,46
CTC,131
CAG,165
CCG,21
CGG,14
CTG,65
CAT,184
CCT,277
CGT,119
CTT,400
GAA,495
GCA,263
GGA,163
GTA,255
GAC,262
GCC,142
GGC,145
GTC,153
GAG,186
GCG,38
GGG,23
GTG,169
GAT,460
GCT,524
GGT,509
GTT,575
TAA,10
TCA,266
TGA,1
TTA,370
TAC,257
TCC,72
TGC,92
TTC,201
TAG,1
TCG,17
TGG,157
TTG,252
TAT,386
TCT,314
TGT,342
TTT,507
